{"cameraMode":{"drawMode":0,"name":"Shaded","section":"Shading Mode"},"sceneLighting":true,"audioPlay":false,"sceneViewState":{"m_AlwaysRefresh":false,"showFog":true,"showSkybox":true,"showFlares":true,"showImageEffects":true,"showParticleSystems":true,"showVisualEffectGraphs":true,"m_FxEnabled":true},"in2DMode":false,"pivot":{"x":348.45758056640627,"y":432.0391845703125,"z":-567.285888671875},"rotation":{"x":0.17477165162563325,"y":0.038695696741342548,"z":-0.006871889811009169,"w":0.9838327765464783},"size":24.747861862182618,"orthographic":false}